{"cameraMode":{"drawMode":0,"name":"Shaded","section":"Shading Mode"},"sceneLighting":false,"audioPlay":false,"sceneViewState":{"showFog":false,"showMaterialUpdate":false,"showSkybox":false,"showFlares":false,"showImageEffects":false,"showParticleSystems":false,"showVisualEffectGraphs":true,"m_FxEnabled":false},"in2DMode":false,"pivot":{"x":0.001637279987335205,"y":0.6923397183418274,"z":0.0010274648666381837},"rotation":{"x":0.07450485974550247,"y":-0.9113729596138,"z":0.1899733543395996,"w":0.3574761748313904},"size":0.9091728329658508,"orthographic":true}