{"cameraMode":{"drawMode":0,"name":"Shaded","section":"Shading Mode"},"sceneLighting":true,"audioPlay":false,"sceneViewState":{"showFog":false,"showMaterialUpdate":false,"showSkybox":true,"showFlares":true,"showImageEffects":true,"showParticleSystems":true,"showVisualEffectGraphs":true,"m_FxEnabled":false},"in2DMode":false,"pivot":{"x":0.00021600723266601563,"y":0.9982448220252991,"z":1.910139799118042},"rotation":{"x":-0.3184870779514313,"y":0.4257432222366333,"z":-0.16332779824733735,"w":-0.8311741948127747},"size":4.808743000030518,"orthographic":true}