{"cameraMode":{"drawMode":0,"name":"Shaded","section":"Shading Mode"},"sceneLighting":false,"audioPlay":false,"sceneViewState":{"showFog":false,"showMaterialUpdate":false,"showSkybox":false,"showFlares":false,"showImageEffects":false,"showParticleSystems":false,"showVisualEffectGraphs":true,"m_FxEnabled":false},"in2DMode":false,"pivot":{"x":-0.11601698398590088,"y":0.9210606813430786,"z":-0.03690943121910095},"rotation":{"x":-0.03445015847682953,"y":-0.9635745286941528,"z":0.15333467721939088,"w":-0.21660666167736054},"size":1.4775768518447877,"orthographic":true}