{"cameraMode":{"drawMode":0,"name":"Shaded","section":"Shading Mode"},"sceneLighting":true,"audioPlay":false,"sceneViewState":{"showFog":false,"showMaterialUpdate":true,"showSkybox":false,"showFlares":true,"showImageEffects":true,"showParticleSystems":true,"showVisualEffectGraphs":true,"m_FxEnabled":true},"in2DMode":false,"pivot":{"x":-18.774782180786134,"y":8.360771179199219,"z":2.7267017364501955},"rotation":{"x":0.0002944261359516531,"y":-0.9987978935241699,"z":-0.0491691417992115,"w":-0.007206149864941835},"size":7.282961845397949,"orthographic":false}