{"cameraMode":{"drawMode":0,"name":"Shaded","section":"Shading Mode"},"sceneLighting":false,"audioPlay":false,"sceneViewState":{"showFog":false,"showMaterialUpdate":false,"showSkybox":false,"showFlares":true,"showImageEffects":true,"showParticleSystems":true,"showVisualEffectGraphs":true,"m_FxEnabled":false},"in2DMode":false,"pivot":{"x":-0.0059999991208314899,"y":0.7860000133514404,"z":-0.4309999942779541},"rotation":{"x":0.03809477388858795,"y":-0.9477262496948242,"z":0.29160934686660769,"w":0.12380492687225342},"size":2.143301248550415,"orthographic":false}