{"cameraMode":{"drawMode":0,"name":"Shaded","section":"Shading Mode"},"sceneLighting":false,"audioPlay":false,"sceneViewState":{"showFog":false,"showMaterialUpdate":false,"showSkybox":false,"showFlares":true,"showImageEffects":true,"showParticleSystems":true,"showVisualEffectGraphs":true,"m_FxEnabled":false},"in2DMode":false,"pivot":{"x":-2.6999998092651369,"y":0.4010000228881836,"z":4.0320000648498539},"rotation":{"x":0.004827606026083231,"y":0.9951596260070801,"z":-0.07267385721206665,"w":0.06607139110565186},"size":2.4423604011535646,"orthographic":true}