{"cameraMode":{"drawMode":0,"name":"Shaded","section":"Shading Mode"},"sceneLighting":false,"audioPlay":false,"sceneViewState":{"showFog":false,"showMaterialUpdate":false,"showSkybox":false,"showFlares":false,"showImageEffects":false,"showParticleSystems":false,"showVisualEffectGraphs":true,"m_FxEnabled":false},"in2DMode":false,"pivot":{"x":0.0002161264419555664,"y":0.9982448816299439,"z":-0.02717915177345276},"rotation":{"x":0.028104208409786226,"y":-0.950617253780365,"z":0.2956254780292511,"w":0.09038741141557694},"size":1.4020885229110718,"orthographic":true}